form	lemma	POS	morph
༄༅།		PUNCT
སློབ་དཔོན་	སློབ་དཔོན་	NOUN
པདྨ་	པདྨ་	NOUN
ས་	གིས་	PART
མཛད་པ་	མཛད་པ་	VERB
འི་	གི་	PART
མི་	མི་	PART
ཕྱུགས་	ཕྱུགས་	NOUN
གླུད་	གླུད་	NO_POS
རབས་	རབས་	NOUN
བཞུགས་	བཞུགས་	VERB
སོ་	གོ་	PART
། །		PUNCT
ཨོཾ་	ཨོཾ་	X
ཨཱཿ་		NON_WORD
ཧཱུྃ་		NON_WORD
བཛྲ་	བཛྲ་	NO_POS
གུ་རུ་	གུ་རུ་	PROPN
པདྨ་	པདྨ་	NOUN
སིདྡྷི་		NON_WORD
ཧཱུྃ་		NON_WORD
།		PUNCT
སློབ་དཔོན་	སློབ་དཔོན་	NOUN
པདྨ་	པདྨ་	NOUN
ས་	གིས་	PART
མཛད་པ་	མཛད་པ་	VERB
འི་	གི་	PART
མི་	མི་	PART
ཕྱུགས་	ཕྱུགས་	NOUN
གང་ཡིན་	གང་ཡིན་	NO_POS
གྱི་	གི་	PART
གླུད་	གླུད་	NO_POS
ལ་	ལ་	PART
།		PUNCT
ཟན་	ཟན་	NOUN
ལ་	ལ་	PART
ནད་པ་	ནད་པ་	NOUN
འི་	གི་	PART
གཟུགས་བཅོས་	གཟུགས་བཅོས་	NO_POS
ལ་	ལ་	PART
སྐྲ་	སྐྲ་	NOUN
དང་	དང་	NO_POS
གོ་	གོ་	NOUN
བཏུམ་		NON_WORD
།		PUNCT
ཟེ་མཇུག་	ཟེ་མཇུག་	NO_POS
གི་	གི་	PART
སྤུ་	སྤུ་	NOUN
རྣམས་	རྣམས་	DET
ཀྱིས་	གིས་	PART
ལེགས་པ་	ལེགས་པ་	VERB
ར་	ལ་	PART
བརྒྱན་	བརྒྱན་	VERB
།		PUNCT
གླུད་	གླུད་	NO_POS
དེ་	དེ་	DET
འི་	གི་	PART
ཕྱོགས་	ཕྱོགས་	NOUN
བཞི་	བཞི་	NUM
ར་	ལ་	PART
ཤ་	ཤ་	VERB
དུ་	ལ་	PART
རྒྱལ་པོ་	རྒྱལ་པོ་	NOUN
།		PUNCT
ལྷོ་	ལྷོ་	NOUN
རུ་	ལ་	PART
གཤིན་རྗེ་	གཤིན་རྗེ་	OTHER
།		PUNCT
ནུབ་	ནུབ་	ADV
ཏུ་	ལ་	PART
བཙན་	བཙན་	VERB
།		PUNCT
བྱང་	བྱང་	NOUN
དུ་མ་	དུ་མ་	ADJ
མོ་	གོ་	PART
རྣམས་	རྣམས་	DET
ཀྱི་	གི་	PART
གཟུགས་	གཟུགས་	NOUN
དང་	དང་	NO_POS
།		PUNCT
གླུད་	གླུད་	NO_POS
བཞི་	བཞི་	NUM
ཐེབ་	ཐེབ་	NO_POS
ཀྱུ་	ཀྱུ་	OTHER
བརྒྱད་	བརྒྱད་	NUM
།		PUNCT
སྤྲོ་	སྤྲོ་	NO_POS
ན་	ལ་	PART
ནམ་	གམ་	PART
རྒྱང་	རྒྱང་	NOUN
སོགས་	སོགས་	DET
ད་	ད་	NOUN
སྣ་	སྣ་	NOUN
གོ་	གོ་	NOUN
སྣ་	སྣ་	NOUN
ཟས་སྣ་	ཟས་སྣ་	NO_POS
སོགས་	སོགས་	DET
བཤམས་	བཤམས་	NO_POS
ལ་	ལ་	PART
།		PUNCT
ཨ་	ཨ་	X
མྲྀ་		NON_WORD
ཏ་	ཏ་	OTHER
ས་	གིས་	PART
བསང་	བསང་	OTHER
།		PUNCT
སྭ་		NON_WORD
བྷཱ་		NON_WORD
ཝ་	ཝ་	OTHER
ས་	གིས་	PART
སྦྱངས་	སྦྱངས་	VERB
།		PUNCT
སྟོང་པ་	སྟོང་པ་	VERB
འི་	གི་	PART
ངང་	ངང་	NOUN
ལ་	ལ་	ADP
ས་	གིས་	PART
གཏོ་	གཏོ་	VERB
སྣོད་	སྣོད་	NOUN
རིན་པོ་ཆེ་	རིན་པོ་ཆེ་	ADJ
ལ་	ལ་	ADP
ས་	གིས་	PART
གྲུབ་པ་	གྲུབ་པ་	VERB
འི་	གི་	PART
གཞལ་ཡས་	གཞལ་ཡས་	ADJ
ཁང་	ཁང་	NOUN
གི་	གི་	PART
ནང་	ནང་	NOUN
དུ་	ལ་	PART
ཕུང་	ཕུང་	VERB
ཁམས་	ཁམས་	NOUN
སྐྱེ་མཆེད་	སྐྱེ་མཆེད་	NOUN
ཐམས་ཅད་	ཐམས་ཅད་	DET
ཡོངས་སུ་	ཡོངས་སུ་	NO_POS
རྫོགས་པ་	རྫོགས་པ་	VERB
གཟུགས་མཛེས་	གཟུགས་མཛེས་	NO_POS
ཤིང་	ཅིང་	PART
ངག་སྙན་པ་	ངག་སྙན་པ་	NO_POS
།		PUNCT
ཡིད་	ཡིད་	NOUN
དྭངས་	དྭངས་	NO_POS
ཤིང་	ཅིང་	PART
འདོད་ཡོན་	འདོད་ཡོན་	NOUN
མཁོ་དགུ་	མཁོ་དགུ་	NO_POS
འི་	གི་	PART
ལོངས་སྤྱོད་	ལོངས་སྤྱོད་	NOUN
བསམ་	བསམ་	NOUN
གྱིས་	གིས་	PART
མི་	མི་	PART
ཁྱབ་པ་	ཁྱབ་པ་	VERB
ས་	གིས་	PART
གནོད་	གནོད་	VERB
བྱེད་	བྱེད་	VERB
འབྱུང་པོ་	འབྱུང་པོ་	NOUN
འི་	གི་	PART
རིགས་	རིགས་	NOUN
སུ་	ལ་	PART
གྱུར་པ་	གྱུར་པ་	VERB
ཐམས་ཅད་	ཐམས་ཅད་	DET
ཚིམ་	ཚིམ་	VERB
ཞིང་	ཅིང་	PART
དགྱེས་པ་	དགྱེས་པ་	VERB
བསྐྱེད་པ་	བསྐྱེད་པ་	VERB
ར་	ལ་	PART
གྱུར་	གྱུར་	VERB
།		PUNCT
སྔགས་	སྔགས་	NOUN
དྲུག་	དྲུག་	NUM
ཕྱག་	ཕྱག་	NOUN
དྲུག་	དྲུག་	NUM
བརྗོད་	བརྗོད་	VERB
།		PUNCT
དེ་ནས་	དེ་ནས་	NO_POS
སྤོས་དཀར་	སྤོས་དཀར་	NO_POS
དང་	དང་	NO_POS
དཀ་	དཀའ་	VERB
ར་	ལ་	PART
བསུར་		NON_WORD
དམར་	དམར་	VERB
བསུར་		NON_WORD
བཏང་	བཏང་	VERB
ལ་	ལ་	PART
།		PUNCT
ན་མོ་	ན་མོ་	X
།		PUNCT
རྗེ་བཙུན་	རྗེ་བཙུན་	NOUN
རྩ་བ་	རྩ་བ་	NOUN
དང་	དང་	NO_POS
བརྒྱུད་པ་	བརྒྱུད་པ་	VERB
ར་	ལ་	PART
བཅས་པ་	བཅས་པ་	VERB
འི་	གི་	PART
དཔལ་ལྡན་	དཔལ་ལྡན་	ADJ
བླ་མ་	བླ་མ་	NOUN
དམ་པ་	དམ་པ་	VERB
རྣམས་	རྣམས་	DET
ཀྱི་	གི་	PART
བཀའ་	བཀའ་	NOUN
བདེན་པ་	བདེན་པ་	VERB
དང་	དང་	NO_POS
།		PUNCT
སངས་རྒྱས་	སངས་རྒྱས་	NOUN
ཀྱི་	གི་	PART
བཀའ་	བཀའ་	NOUN
བདེན་པ་	བདེན་པ་	VERB
དང་	དང་	NO_POS
།		PUNCT
ཆོ་	ཆོ་	NOUN
ཀྱི་	གི་	PART
བཀའ་	བཀའ་	NOUN
བདེན་པ་	བདེན་པ་	VERB
དང་	དང་	NO_POS
།		PUNCT
དགེ་འདུན་	དགེ་འདུན་	NOUN
གྱི་	གི་	PART
བཀའ་	བཀའ་	NOUN
བདེན་པ་	བདེན་པ་	VERB
དང་	དང་	NO_POS
།		PUNCT
གསང་སྔགས་	གསང་སྔགས་	NOUN
དང་	དང་	NO_POS
རིག་	རིག་	VERB
སྔགས་	སྔགས་	NOUN
དང་	དང་	NO_POS
གཟུངས་སྔགས་	གཟུངས་སྔགས་	OTHER
དང་	དང་	NO_POS
།		PUNCT
ཡི་དམ་	ཡི་དམ་	NOUN
དཀྱིལ་འཁོར་	དཀྱིལ་འཁོར་	NOUN
གྱི་	གི་	PART
ལྷ་ཚོགས་	ལྷ་ཚོགས་	NOUN
རྣམས་	རྣམས་	DET
ཀྱི་	གི་	PART
བཀའ་	བཀའ་	NOUN
བདེན་པ་	བདེན་པ་	VERB
དང་	དང་	NO_POS
།		PUNCT
འཇམ་དཔལ་	འཇམ་དཔལ་	PROPN
སྐུ་	སྐུ་	NOUN
།		PUNCT
པདྨ་	པདྨ་	NOUN
གསུང་	གསུང་	VERB
།		PUNCT
ཡང་དག་	ཡང་དག་	ADJ
ཐུགས་	ཐུགས་	NOUN
།		PUNCT
བདུད་རྩི་	བདུད་རྩི་	NOUN
ཡོནཏན་		NON_WORD
།		PUNCT
ཕུར་པ་	ཕུར་པ་	NOUN
ཕྲིན་ལས་	ཕྲིན་ལས་	NOUN
།		PUNCT
མ་མོ་	མ་མོ་	NOUN
རྦོད་གཏོང་	རྦོད་གཏོང་	NO_POS
།		PUNCT
རིག་འཛིན་	རིག་འཛིན་	OTHER
སློབ་དཔོན་	སློབ་དཔོན་	NOUN
།		PUNCT
འཇིག་རྟེན་	འཇིག་རྟེན་	NOUN
མཆོད་བསྟོད་	མཆོད་བསྟོད་	NOUN
།		PUNCT
དམོད་པ་	དམོད་པ་	VERB
དྲག་སྔགས་	དྲག་སྔགས་	NOUN
།		PUNCT
འཚི་		NON_WORD
མེད་	མེད་	VERB
ཚེ་	ཚེ་	NOUN
འི་	གི་	PART
ལྷ་ཚོགས་	ལྷ་ཚོགས་	NOUN
རྣམས་	རྣམས་	DET
ཀྱི་	གི་	PART
བཀའ་	བཀའ་	NOUN
བདེན་པ་	བདེན་པ་	VERB
དང་	དང་	NO_POS
།		PUNCT
བདེན་པ་	བདེན་པ་	VERB
ཆེན་པོ་	ཆེན་པོ་	ADJ
འི་	གི་	PART
བྱིན་	བྱིན་	VERB
གྱིས་	གིས་	PART
བརླབས་པ་	བརླབས་པ་	VERB
འི་	གི་	PART
མཐུ་	མཐུ་	NOUN
ལ་	ལ་	PART
བརྟེན་	བརྟེན་	VERB
ན་	ནས་	PART
།		PUNCT
འཇིག་རྟེན་	འཇིག་རྟེན་	NOUN
ཁམས་	ཁམས་	NOUN
ཀྱི་	གི་	PART
སྣང་སྲིད་	སྣང་སྲིད་	NOUN
ལྷ་སྲིན་	ལྷ་སྲིན་	NOUN
སྡེ་བརྒྱད་	སྡེ་བརྒྱད་	OTHER
ཐམས་ཅད་	ཐམས་ཅད་	DET
འདི་	འདི་	DET
ར་	ལ་	PART
འདུ་	འདུ་	VERB
ལ་	ལ་	PART
རྟ་	རྟ་	NOUN
འདི་	འདི་	DET
སོགས་	སོགས་	DET
ཁ་	ཁ་	PRON
བསྒྱུར་	བསྒྱུར་	VERB
།		PUNCT
མི་	མི་	PART
འདི་	འདི་	DET
འི་	གི་	PART
གླུད་གཏོར་	གླུད་གཏོར་	NO_POS
དམ་པ་	དམ་པ་	VERB
འདི་	འདི་	DET
ལོངས་	ལོངས་	VERB
ཤིག་	ཅིག་	PART
།		PUNCT
གླུད་གཏོར་	གླུད་གཏོར་	NO_POS
འདི་	འདི་	DET
ལོངས་	ལོངས་	VERB
ལ་	ལ་	PART
མི་	མི་	PART
འདི་	འདི་	DET
འི་	གི་	PART
ལན་ཆགས་	ལན་ཆགས་	NO_POS
དང་	དང་	NO_POS
བུ་ལོན་	བུ་ལོན་	NOUN
ཐམས་ཅད་	ཐམས་ཅད་	DET
ཁྱེ་	ཁྱེ་	VERB
ན་	ནས་	PART
ནད་པ་	ནད་པ་	NOUN
འི་	གི་	PART
ལུས་ངག་	ལུས་ངག་	NOUN
ཡིད་	ཡིད་	NOUN
གསུམ་	གསུམ་	NUM
ནད་གདོན་	ནད་གདོན་	OTHER
མི་མཐུན་པ་	མི་མཐུན་པ་	NO_POS
འི་	གི་	PART
ཕྱོགས་	ཕྱོགས་	NOUN
ཐམས་ཅད་	ཐམས་ཅད་	DET
འདི་	འདི་	DET
འི་	གི་	PART
འཁྱེར་	འཁྱེར་	NO_POS
ལ་	ལ་	PART
།		PUNCT
མི་	མི་	PART
འདི་	འདི་	DET
གདོན་བགེགས་	གདོན་བགེགས་	NO_POS
ལ་	ལ་	ADP
ས་	གིས་	PART
ཐར་བ་	ཐར་བ་	VERB
ར་	ལ་	PART
གྱུར་ཅིག་	གྱུར་ཅིག་	NO_POS
།		PUNCT
ལན་	ལན་	NOUN
གསུམ་	གསུམ་	NUM
བརྗོད་	བརྗོད་	VERB
།		PUNCT
རང་	རང་	PRON
གི་	གི་	PART
ཐུགས་ཀ་	ཐུགས་ཀ་	NOUN
ན་	ནས་	PART
ཁྲོ་བོ་	ཁྲོ་བོ་	NOUN
འདོད་པ་	འདོད་པ་	VERB
འི་	གི་	PART
རྒྱལ་པོ་	རྒྱལ་པོ་	NOUN
སྐུ་མདོག་	སྐུ་མདོག་	NOUN
དམར་སྐྱ་	དམར་སྐྱ་	NO_POS
ལྕགས་ཀྱུ་	ལྕགས་ཀྱུ་	NOUN
དང་	དང་	NO_POS
ཞགས་པ་	ཞགས་པ་	NOUN
ཐོགས་པ་	ཐོགས་པ་	VERB
རས་བལ་	རས་བལ་	NO_POS
རླུང་	རླུང་	NOUN
གིས་	གིས་	PART
གཏོར་བ་	གཏོར་བ་	VERB
ལྟ་བུ་	ལྟ་བུ་	NOUN
སྟོང་གསུམ་	སྟོང་གསུམ་	OTHER
འཇིག་རྟེན་	འཇིག་རྟེན་	NOUN
གྱི་	གི་	PART
ཁམས་	ཁམས་	NOUN
ཁྱབ་པ་	ཁྱབ་པ་	VERB
ར་	ལ་	PART
སྤྲོས་	སྤྲོས་	VERB
ཏེ་	སྟེ་	PART
གནོད་	གནོད་	VERB
བྱེད་	བྱེད་	VERB
གདོན་བགེགས་	གདོན་བགེགས་	NO_POS
ཀྱི་	གི་	PART
རིགས་	རིགས་	NOUN
སུ་	ལ་	PART
གྱུར་པ་	གྱུར་པ་	VERB
ཐམས་ཅད་	ཐམས་ཅད་	DET
མདུན་	མདུན་	NOUN
དུ་	ལ་	PART
བཀུག་པ་	བཀུག་པ་	VERB
ར་	ལ་	PART
གྱུར་	གྱུར་	VERB
།		PUNCT
ཧཱུྃ་		NON_WORD
།		PUNCT
དུས་གསུམ་	དུས་གསུམ་	OTHER
སངས་རྒྱས་	སངས་རྒྱས་	NOUN
ཐམས་ཅད་	ཐམས་ཅད་	DET
ཀྱི་	གི་	PART
། །		PUNCT
ཐུགས་ལས་	ཐུགས་ལས་	NOUN
སྤྲུལ་པ་	སྤྲུལ་པ་	VERB
འི་	གི་	PART
ཁྲོ་བོ་	ཁྲོ་བོ་	NOUN
ནི་	ནི་	NO_POS
། །		PUNCT
ཌཱ་ཀི་	ཌཱ་ཀི་	NOUN
ཞེ་	ཅེས་	PART
བྱ་	བྱ་	VERB
བྱུང་	བྱུང་	VERB
ན་	ནས་	PART
ནི་	ནི་	NO_POS
།		PUNCT
བགེགས་	བགེགས་	NOUN
ཚོགས་	ཚོགས་	NOUN
འགུགས་པ་	འགུགས་པ་	VERB
འི་	གི་	PART
ལ་	ལ་	ADP
ས་	གིས་	PART
མཛོད་	མཛོད་	NOUN
ཅིག་	ཅིག་	PART
།		PUNCT
ནམ་མཁའ་	ནམ་མཁའ་	NOUN
སྟོང་པ་	སྟོང་པ་	VERB
འགུགས་	འགུགས་	NO_POS
བྱེད་	བྱེད་	VERB
ན་	ལ་	PART
། །		PUNCT
གཟུགས་	གཟུགས་	NOUN
སུ་	ལ་	PART
སྣང་བ་	སྣང་བ་	VERB
སྨོས་ཅི་	སྨོས་ཅི་	NO_POS
དགོས་	དགོས་	VERB
། །		PUNCT
བེམ་པོ་	བེམ་པོ་	NOUN
འི་	གི་	PART
རྡོ་	རྡོ་	NOUN
ཡང་	ཀྱང་	PART
འགུགས་	འགུགས་	NO_POS
བྱེད་	བྱེད་	VERB
ན་	ལ་	PART
། །		PUNCT
རྣམ་ཤེས་	རྣམ་ཤེས་	NOUN
གཞན་	གཞན་	DET
ལ་	ལ་	PART
སྨོས་ཅི་	སྨོས་ཅི་	NO_POS
དགོས་	དགོས་	VERB
། །		PUNCT
ཁུག་	ཁུག་	VERB
ཅིག་	ཅིག་	PART
དྲོངས་	དྲོངས་	VERB
ཤིག་	ཅིག་	PART
ཁྲོ་རྒྱལ་	ཁྲོ་རྒྱལ་	NO_POS
ཌཱ་ཀི་	ཌཱ་ཀི་	NOUN
ཧཱུྃ་		NON_WORD
། །		PUNCT
ཞེ་	ཅེས་	PART
འགུགས་	འགུགས་	NO_POS
ན་	ནས་	PART
དེ་	སྟེ་	PART
རྣམས་	རྣམས་	DET
ཀྱི་	གི་	PART
གདུག་སེམས་	གདུག་སེམས་	NO_POS
ཞི་བ་	ཞི་བ་	VERB
ར་	ལ་	PART
བསམས་	བསམས་	VERB
ཏེ་	སྟེ་	PART
།		PUNCT
ཧཱུྃ་		NON_WORD
།		PUNCT
ཞེ་སྡང་	ཞེ་སྡང་	NOUN
གདུག་པ་	གདུག་པ་	ADJ
འི་	གི་	PART
སེམས་	སེམས་	NOUN
རྣམས་	རྣམས་	DET
ཞི་བ་	ཞི་བ་	VERB
ར་	ལ་	PART
གྱིས་	གིས་	PART
། །		PUNCT
སྙིང་རྗེ་	སྙིང་རྗེ་	NOUN
བྱམས་པ་	བྱམས་པ་	PROPN
འི་	གི་	PART
སེམས་	སེམས་	NOUN
སུ་	ལ་	PART
ད་	ད་	ADV
བྱོན་	བྱོན་	VERB
ལ་	ལ་	PART
། །		PUNCT
དགའ་མགུ་	དགའ་མགུ་	NOUN
རངས་པ་	རངས་པ་	VERB
འི་	གི་	PART
སེམས་	སེམས་	NOUN
ཀྱིས་	གིས་	PART
གཏོར་མ་	གཏོར་མ་	NOUN
ལོངས་	ལོངས་	VERB
། །		PUNCT
ཞི་བ་	ཞི་བ་	VERB
བྱང་ཆུབ་	བྱང་ཆུབ་	NOUN
སེམས་	སེམས་	NOUN
དང་	དང་	NO_POS
ལྡན་པ་	ལྡན་པ་	VERB
ར་	ལ་	PART
མཛོད་	མཛོད་	NOUN
། །		PUNCT
ཞེ་	ཅེས་	PART
བརྗོད་	བརྗོད་	VERB
གདུག་པ་	གདུག་པ་	ADJ
འི་	གི་	PART
སེམས་	སེམས་	NOUN
ཞི་	ཞི་	VERB
ན་	ནས་	PART
འདོད་ཡོན་	འདོད་ཡོན་	NOUN
རྣམས་	རྣམས་	DET
ལ་	ལ་	PART
ལོངས་སྤྱོད་	ལོངས་སྤྱོད་	NOUN
ན་	ནས་	PART
།		PUNCT
དེ་	སྟེ་	PART
རྣམས་	རྣམས་	DET
ཀྱི་	གི་	PART
མིག་	མིག་	NOUN
གི་	གི་	PART
ཡུལ་	ཡུལ་	NOUN
དུ་	ལ་	PART
གཟུགས་མཛེས་པ་	གཟུགས་མཛེས་པ་	NO_POS
།		PUNCT
རྣ་བ་	རྣ་བ་	NOUN
འི་	གི་	PART
ཡུལ་	ཡུལ་	NOUN
དུ་	ལ་	PART
སྒྲ་སྙན་པ་	སྒྲ་སྙན་པ་	OTHER
།		PUNCT
སྣ་	སྣ་	NOUN
འི་	གི་	PART
ཡུལ་	ཡུལ་	NOUN
དུ་	ལ་	PART
དྲི་ཞིམ་པ་	དྲི་ཞིམ་པ་	NOUN
།		PUNCT
ལྕེ་	ལྕེ་	NOUN
འི་	གི་	PART
ཡུལ་	ཡུལ་	NOUN
དུ་	ལ་	PART
རོ་མངར་བ་	རོ་མངར་བ་	NO_POS
།		PUNCT
ལུས་	ལུས་	NOUN
ཀྱི་	གི་	PART
ཡུལ་	ཡུལ་	NOUN
དུ་	ལ་	PART
རེག་བྱ་	རེག་བྱ་	NOUN
འཇམ་པ་	འཇམ་པ་	VERB
།		PUNCT
ཡིད་	ཡིད་	NOUN
ཀྱི་	གི་	PART
ཡུལ་	ཡུལ་	NOUN
དུ་	ལ་	PART
བདེ་བ་	བདེ་བ་	VERB
སྐྱེད་པ་	སྐྱེད་པ་	VERB
།		PUNCT
གཞན་	གཞན་	DET
ཡང་	ཀྱང་	PART
བཟའ་བ་	བཟའ་བ་	VERB
དང་	དང་	NO_POS
བཏུང་བ་	བཏུང་བ་	VERB
མལ་ཆ་	མལ་ཆ་	NOUN
དང་	དང་	NO_POS
ན་བ་	ན་བ་	VERB
འི་	གི་	PART
གསོས་	གསོས་	VERB
སྨན་	སྨན་	NOUN
ལ་སོགས་	ལ་སོགས་	NO_POS
རང་རང་	རང་རང་	NO_POS
གི་	གི་	PART
ཡིད་	ཡིད་	NOUN
ལ་	ལ་	PART
གང་	གང་	NO_POS
འདོད་པ་	འདོད་པ་	VERB
འི་	གི་	PART
ལོངས་སྤྱོད་	ལོངས་སྤྱོད་	NOUN
ཀྱིས་	གིས་	PART
ཚིམ་པ་	ཚིམ་པ་	VERB
ར་	ལ་	PART
གྱུར་	གྱུར་	VERB
།		PUNCT
ན་	ལ་	PART
མཿ་		NON_WORD
སརྦ་	སརྦ་	NO_POS
ཏ་	ཏ་	OTHER
ཐཱ་		NON_WORD
ག་	ག་	PRON
ཏ་	ཏ་	OTHER
ཨ་ཝ་	ཨ་ཝ་	NO_POS
ལོ་	གོ་	PART
ཀི་	ཀི་	ADP
ཏེ་	སྟེ་	PART
ཨོཾ་	ཨོཾ་	X
སམྦྷ་		NON_WORD
ར་	ར་	ADP
སམྦྷ་		NON_WORD
ར་	ར་	ADP
ཧཱུྃ་		NON_WORD
།		PUNCT
མཆོད་སྦྱིན་	མཆོད་སྦྱིན་	NOUN
གྱི་	གི་	PART
ཕྱག་རྒྱ་	ཕྱག་རྒྱ་	NOUN
དང་	དང་	NO_POS
བཅའ་	བཅའ་	VERB
ཏེ་	སྟེ་	PART
ཚ་	ཚ་	VERB
བདུན་	བདུན་	NUM
རེ་	རེ་	DET
བརྗོད་	བརྗོད་	VERB
།		PUNCT
དེ་བཞིན་	དེ་བཞིན་	OTHER
གཤེགས་པ་	གཤེགས་པ་	VERB
འི་	གི་	PART
མཚན་	མཚན་	NOUN
བཞི་	བཞི་	NUM
བརྗོད་	བརྗོད་	VERB
།		PUNCT
ཧཱུྃ་		NON_WORD
།		PUNCT
ཡ་	ཡ་	NOUN
མནྟ་		NON_WORD
ཀ་	ཀ་	DET
མན་ཆད་	མན་ཆད་	ADV
ན་	ནས་	PART
། །		PUNCT
གཤིན་རྗེ་	གཤིན་རྗེ་	OTHER
གཤེད་པོ་	གཤེད་པོ་	NOUN
ཡན་ཆད་	ཡན་ཆད་	ADV
ཀྱི་	གི་	PART
། །		PUNCT
གཤིན་རྗེ་	གཤིན་རྗེ་	OTHER
འི་	གི་	PART
རིགས་	རིགས་	NOUN
གྱུར་	གྱུར་	VERB
ཐམས་ཅད་	ཐམས་ཅད་	DET
ལ་	ལ་	PART
། །		PUNCT
གླུད་གཏོར་	གླུད་གཏོར་	NO_POS
གཙང་མ་	གཙང་མ་	ADJ
འདི་	འདི་	DET
འབུལ་	འབུལ་	NO_POS
གྱིས་	གིས་	PART
། །		PUNCT
མི་	མི་	PART
འདི་	འདི་	DET
ནད་	ནད་	NOUN
ལ་	ལ་	ADP
ས་	གིས་	PART
གྲོལ་	གྲོལ་	VERB
གྱུར་ཅིག་	གྱུར་ཅིག་	NO_POS
།		PUNCT
ཧཱུྃ་		NON_WORD
།		PUNCT
རྒྱལ་པོ་	རྒྱལ་པོ་	NOUN
དཔེ་	དཔེ་	NOUN
ཧ་	ཧ་	VERB
མན་ཆད་	མན་ཆད་	ADV
ན་	ནས་	PART
། །		PUNCT
རྒྱལ་ཕྲན་	རྒྱལ་ཕྲན་	NOUN
ཕྲ་མོ་	ཕྲ་མོ་	ADJ
ཡན་ཆད་	ཡན་ཆད་	ADV
ཀྱི་	གི་	PART
། །		PUNCT
རྒྱལ་པོ་	རྒྱལ་པོ་	NOUN
འི་	གི་	PART
རིགས་	རིགས་	NOUN
གྱུར་	གྱུར་	VERB
ཐམས་ཅད་	ཐམས་ཅད་	DET
ལ་	ལ་	PART
། །		PUNCT
གླུད་གཏོར་	གླུད་གཏོར་	NO_POS
གཙང་མ་	གཙང་མ་	ADJ
འདི་	འདི་	DET
འབུལ་	འབུལ་	NO_POS
གྱིས་	གིས་	PART
། །		PUNCT
མི་	མི་	PART
འདི་	འདི་	DET
ནད་	ནད་	NOUN
ལ་	ལ་	ADP
ས་	གིས་	PART
གྲོལ་	གྲོལ་	VERB
གྱུར་ཅིག་	གྱུར་ཅིག་	NO_POS
།		PUNCT
ཧཱུྃ་		NON_WORD
།		PUNCT
བཙན་རྒོད་	བཙན་རྒོད་	NO_POS
ཆེན་པོ་	ཆེན་པོ་	ADJ
མན་ཆད་	མན་ཆད་	ADV
ན་	ནས་	PART
། །		PUNCT
ལུང་	ལུང་	NOUN
བཙན་	བཙན་	VERB
ཕྲ་མོ་	ཕྲ་མོ་	ADJ
ཡན་ཆད་	ཡན་ཆད་	ADV
ཀྱི་	གི་	PART
། །		PUNCT
བཙན་	བཙན་	VERB
གྱི་	གི་	PART
རིགས་	རིགས་	NOUN
གྱུར་	གྱུར་	VERB
ཐམས་ཅད་	ཐམས་ཅད་	DET
ལ་	ལ་	PART
། །		PUNCT
གླུད་གཏོར་	གླུད་གཏོར་	NO_POS
གཙང་མ་	གཙང་མ་	ADJ
འདི་	འདི་	DET
འབུལ་	འབུལ་	NO_POS
གྱིས་	གིས་	PART
། །		PUNCT
མི་	མི་	PART
འདི་	འདི་	DET
ནད་	ནད་	NOUN
ལ་	ལ་	ADP
ས་	གིས་	PART
གྲོལ་	གྲོལ་	VERB
གྱུར་ཅིག་	གྱུར་ཅིག་	NO_POS
།		PUNCT
ཧཱུྃ་		NON_WORD
།		PUNCT
བདུད་	བདུད་	NOUN
ཆེན་	ཆེན་	NO_POS
ནག་པོ་	ནག་པོ་	ADJ
མན་ཆད་	མན་ཆད་	ADV
ན་	ནས་	PART
། །		PUNCT
བདུད་	བདུད་	NOUN
ཕྲན་	ཕྲན་	OTHER
ཕྲ་མོ་	ཕྲ་མོ་	ADJ
ཡན་ཆད་	ཡན་ཆད་	ADV
ཀྱི་	གི་	PART
། །		PUNCT
བདུད་	བདུད་	NOUN
ཀྱི་	གི་	PART
རིགས་	རིགས་	NOUN
གྱུར་	གྱུར་	VERB
ཐམས་ཅད་	ཐམས་ཅད་	DET
ལ་	ལ་	PART
། །		PUNCT
གླུད་གཏོར་	གླུད་གཏོར་	NO_POS
གཙང་མ་	གཙང་མ་	ADJ
འདི་	འདི་	DET
འབུལ་	འབུལ་	NO_POS
གྱིས་	གིས་	PART
། །		PUNCT
མི་	མི་	PART
འདི་	འདི་	DET
ནད་	ནད་	NOUN
ལ་	ལ་	ADP
ས་	གིས་	PART
གྲོལ་	གྲོལ་	VERB
གྱུར་ཅིག་	གྱུར་ཅིག་	NO_POS
།		PUNCT
ཧཱུྃ་		NON_WORD
།		PUNCT
རྡོ་རྗེ་	རྡོ་རྗེ་	NOUN
ལེགས་པ་	ལེགས་པ་	VERB
མན་ཆད་	མན་ཆད་	ADV
ན་	ནས་	PART
། །		PUNCT
འགོང་པོ་	འགོང་པོ་	NOUN
ཕྲ་མོ་	ཕྲ་མོ་	ADJ
ཡན་ཆད་	ཡན་ཆད་	ADV
ཀྱི་	གི་	PART
། །		PUNCT
འགོང་པོ་	འགོང་པོ་	NOUN
འི་	གི་	PART
རིགས་	རིགས་	NOUN
གྱུར་	གྱུར་	VERB
ཐམས་ཅད་	ཐམས་ཅད་	DET
ལ་	ལ་	PART
། །		PUNCT
གླུད་གཏོར་	གླུད་གཏོར་	NO_POS
གཙང་མ་	གཙང་མ་	ADJ
འདི་	འདི་	DET
འབུལ་	འབུལ་	NO_POS
གྱིས་	གིས་	PART
། །		PUNCT
མི་	མི་	PART
འདི་	འདི་	DET
ནད་	ནད་	NOUN
ལ་	ལ་	ADP
ས་	གིས་	PART
གྲོལ་	གྲོལ་	VERB
གྱུར་ཅིག་	གྱུར་ཅིག་	NO_POS
།		PUNCT
ཧཱུྃ་		NON_WORD
།		PUNCT
གཟའ་	གཟའ་	NOUN
ཆེན་	ཆེན་	NO_POS
རཱ་	རཱ་	NO_POS
ཧུ་	ཧུ་	NO_POS
མན་ཆད་	མན་ཆད་	ADV
ན་	ནས་	PART
། །		PUNCT
གཟའ་	གཟའ་	NOUN
ཕྲན་	ཕྲན་	OTHER
ཕྲ་མོ་	ཕྲ་མོ་	ADJ
ཡན་ཆད་	ཡན་ཆད་	ADV
ཀྱི་	གི་	PART
། །		PUNCT
གཟའ་	གཟའ་	NOUN
ཡི་	གི་	PART
རིགས་	རིགས་	NOUN
གྱུར་	གྱུར་	VERB
ཐམས་ཅད་	ཐམས་ཅད་	DET
ལ་	ལ་	PART
། །		PUNCT
གླུད་གཏོར་	གླུད་གཏོར་	NO_POS
གཙང་མ་	གཙང་མ་	ADJ
འདི་	འདི་	DET
འབུལ་	འབུལ་	NO_POS
གྱིས་	གིས་	PART
། །		PUNCT
མི་	མི་	PART
འདི་	འདི་	DET
ནད་	ནད་	NOUN
ལ་	ལ་	ADP
ས་	གིས་	PART
གྲོལ་	གྲོལ་	VERB
གྱུར་ཅིག་	གྱུར་ཅིག་	NO_POS
།		PUNCT
ཧཱུྃ་		NON_WORD
།		PUNCT
ལྷ་མོ་	ལྷ་མོ་	NOUN
བརྟན་མ་	བརྟན་མ་	NOUN
མན་ཆད་	མན་ཆད་	ADV
ན་	ནས་	PART
། །		PUNCT
བརྟན་མ་	བརྟན་མ་	NOUN
བཅུ་གཉིས་	བཅུ་གཉིས་	NO_POS
ཡན་ཆད་	ཡན་ཆད་	ADV
ཀྱི་	གི་	PART
། །		PUNCT
བརྟན་མ་	བརྟན་མ་	NOUN
འི་	གི་	PART
རིགས་	རིགས་	NOUN
གྱུར་	གྱུར་	VERB
ཐམས་ཅད་	ཐམས་ཅད་	DET
ལ་	ལ་	PART
། །		PUNCT
གླུད་གཏོར་	གླུད་གཏོར་	NO_POS
གཙང་མ་	གཙང་མ་	ADJ
འདི་	འདི་	DET
འབུལ་	འབུལ་	NO_POS
གྱིས་	གིས་	PART
། །		PUNCT
མི་	མི་	PART
འདི་	འདི་	DET
ནད་	ནད་	NOUN
ལ་	ལ་	ADP
ས་	གིས་	PART
གྲོལ་	གྲོལ་	VERB
གྱུར་ཅིག་	གྱུར་ཅིག་	NO_POS
།		PUNCT
ཧཱུྃ་		NON_WORD
།		PUNCT
བགེགས་	བགེགས་	NOUN
ཆེན་	ཆེན་	NO_POS
བརྒྱད་ཅུ་	བརྒྱད་ཅུ་	NO_POS
མན་ཆད་	མན་ཆད་	ADV
ན་	ནས་	PART
། །		PUNCT
མཁའ་	མཁའ་	NOUN
ལ་	ལ་	PART
རྒྱུ་བ་	རྒྱུ་བ་	VERB
ཡན་ཆད་	ཡན་ཆད་	ADV
ཀྱི་	གི་	PART
། །		PUNCT
བགེགས་	བགེགས་	NOUN
ཚོགས་	ཚོགས་	NOUN
འབྱུང་པོ་	འབྱུང་པོ་	NOUN
ཐམས་ཅད་	ཐམས་ཅད་	DET
ལ་	ལ་	PART
། །		PUNCT
གླུད་གཏོར་	གླུད་གཏོར་	NO_POS
གཙང་མ་	གཙང་མ་	ADJ
འདི་	འདི་	DET
འབུལ་	འབུལ་	NO_POS
གྱིས་	གིས་	PART
། །		PUNCT
མི་	མི་	PART
འདི་	འདི་	DET
ནད་	ནད་	NOUN
ལ་	ལ་	ADP
ས་	གིས་	PART
གྲོལ་	གྲོལ་	VERB
གྱུར་ཅིག་	གྱུར་ཅིག་	NO_POS
།		PUNCT
ཧཱུྃ་		NON_WORD
།		PUNCT
གྲི་བོ་	གྲི་བོ་	NOUN
གྲི་	གྲི་	NOUN
མོ་	གོ་	PART
མན་ཆད་	མན་ཆད་	ADV
ན་	ནས་	PART
། །		PUNCT
ཤི་	ཤི་	VERB
འདྲེ་	འདྲེ་	NOUN
གསོན་འདྲེ་	གསོན་འདྲེ་	NO_POS
ཡན་ཆད་	ཡན་ཆད་	ADV
ཀྱི་	གི་	PART
། །		PUNCT
འདྲེ་	འདྲེ་	NOUN
ཡི་	གི་	PART
རིགས་	རིགས་	NOUN
གྱུར་	གྱུར་	VERB
ཐམས་ཅད་	ཐམས་ཅད་	DET
ལ་	ལ་	PART
། །		PUNCT
གླུད་གཏོར་	གླུད་གཏོར་	NO_POS
གཙང་མ་	གཙང་མ་	ADJ
འདི་	འདི་	DET
འབུལ་	འབུལ་	NO_POS
གྱིས་	གིས་	PART
། །		PUNCT
མི་	མི་	PART
འདི་	འདི་	DET
ནད་	ནད་	NOUN
ལ་	ལ་	ADP
ས་	གིས་	PART
གྲོལ་	གྲོལ་	VERB
གྱུར་ཅིག་	གྱུར་ཅིག་	NO_POS
།		PUNCT
ཅེས་པ་	ཅེས་པ་	PART
འི་	གི་	PART
བ་	བ་	NOUN
གང་	གང་	NO_POS
མང་	མང་	VERB
བྱ་	བྱ་	VERB
འོ་	གོ་	PART
།		PUNCT
ཧཱུྃ་		NON_WORD
།		PUNCT
བསྔོ་	བསྔོ་	VERB
འོ་	གོ་	PART
གཏོང་	གཏོང་	VERB
ངོ་	གོ་	PART
གླུད་	གླུད་	NO_POS
འདི་	འདི་	DET
གཏོང་	གཏོང་	VERB
། །		PUNCT
མི་	མི་	PART
འདི་	འདི་	DET
ལུས་ངག་	ལུས་ངག་	NOUN
ཡིད་	ཡིད་	NOUN
གསུམ་	གསུམ་	NUM
གྱི་	གི་	PART
། །		PUNCT
ནད་གདོན་	ནད་གདོན་	OTHER
མ་	མ་	PART
ལུས་	ལུས་	NOUN
ཞི་	ཞི་	VERB
གྱུར་ཅིག་	གྱུར་ཅིག་	NO_POS
།		PUNCT
མི་ལ་	མི་ལ་	PROPN
ས་	གིས་	PART
དགའ་བ་	དགའ་བ་	VERB
འི་	གི་	PART
གླུད་གཏོར་	གླུད་གཏོར་	NO_POS
འདི་	འདི་	DET
། །		PUNCT
བཀའ་	བཀའ་	NOUN
སྡོད་	སྡོད་	VERB
དམ་ཅན་	དམ་ཅན་	NOUN
མན་ཆད་	མན་ཆད་	ADV
ན་	ནས་	PART
། །		PUNCT
འདྲེ་	འདྲེ་	NOUN
ངན་	ངན་	VERB
ཕྲ་མོ་	ཕྲ་མོ་	ADJ
ཡན་ཆད་	ཡན་ཆད་	ADV
ཀྱི་	གི་	PART
། །		PUNCT
ཆེ་	ཆེ་	VERB
འབྲིང་	འབྲིང་	NOUN
ཆུང་	ཆུང་	VERB
གསུམ་	གསུམ་	NUM
ཐམས་ཅད་	ཐམས་ཅད་	DET
ལ་	ལ་	PART
། །		PUNCT
ནད་པ་	ནད་པ་	NOUN
འི་	གི་	PART
ཚབས་	ཚབས་	NOUN
སུ་	ལ་	PART
གླུད་	གླུད་	NO_POS
འདི་	འདི་	DET
བསྔོ་	བསྔོ་	VERB
། །		PUNCT
མི་	མི་	PART
འདི་	འདི་	DET
ནད་	ནད་	NOUN
ལ་	ལ་	ADP
ས་	གིས་	PART
གྲོལ་	གྲོལ་	VERB
གྱུར་ཅིག་	གྱུར་ཅིག་	NO_POS
།		PUNCT
ཧཱུྃ་		NON_WORD
། །		PUNCT
དུས་གསུམ་	དུས་གསུམ་	OTHER
སངས་རྒྱས་	སངས་རྒྱས་	NOUN
ཐམས་ཅད་	ཐམས་ཅད་	DET
དང་	དང་	NO_POS
། །		PUNCT
པདྨ་	པདྨ་	NOUN
འི་	གི་	PART
བཀའ་	བཀའ་	NOUN
ལས་མ་	ལས་མ་	NO_POS
འདའ་བ་	འདའ་བ་	VERB
ར་	ལ་	PART
། །		PUNCT
ཁྱེད་	ཁྱེད་	PRON
རྣམས་	རྣམས་	DET
གླུད་	གླུད་	NO_POS
འདི་	འདི་	DET
འི་	གི་	PART
ཚིམ་	ཚིམ་	VERB
གྱུར་	གྱུར་	VERB
ན་	ནས་	PART
། །		PUNCT
མི་	མི་	PART
འདི་	འདི་	DET
ནད་	ནད་	NOUN
ལ་	ལ་	ADP
ས་	གིས་	PART
གྲོལ་	གྲོལ་	VERB
གྱུར་ཅིག་	གྱུར་ཅིག་	NO_POS
།		PUNCT
དེ་ནས་	དེ་ནས་	NO_POS
འབྱུང་	འབྱུང་	VERB
བཞི་	བཞི་	NUM
གླུད་	གླུད་	NO_POS
གཏོང་བ་	གཏོང་བ་	VERB
ར་	ལ་	PART
འདོད་	འདོད་	VERB
ན་	ལ་	PART
།		PUNCT
ཧཱུྃ་		NON_WORD
།		PUNCT
འབྱུང་བ་	འབྱུང་བ་	VERB
དང་པོ་	དང་པོ་	ADJ
རུས་པ་	རུས་པ་	NOUN
འི་	གི་	PART
གླུད་	གླུད་	NO_POS
། །		PUNCT
རུས་པ་	རུས་པ་	NOUN
འི་	གི་	PART
གླུད་	གླུད་	NO_POS
འདི་	འདི་	DET
རྡོ་	རྡོ་	NOUN
ལ་	ལ་	PART
གཏོང་	གཏོང་	VERB
། །		PUNCT
རྡོ་	རྡོ་	NOUN
ལ་	ལ་	PART
གནས་པ་	གནས་པ་	VERB
འི་	གི་	PART
ལྷ་འདྲེ་	ལྷ་འདྲེ་	NOUN
རྣམས་	རྣམས་	DET
། །		PUNCT
གླུད་	གླུད་	NO_POS
དང་	དང་	NO_POS
གཏོར་མ་	གཏོར་མ་	NOUN
འདི་	འདི་	DET
ལོངས་	ལོངས་	VERB
ལ་	ལ་	PART
། །		PUNCT
འཁོར་	འཁོར་	NOUN
དང་	དང་	NO_POS
གནོད་པ་	གནོད་པ་	VERB
མ་	མ་	PART
བྱེད་	བྱེད་	VERB
ཅིག་	ཅིག་	PART
།		PUNCT
ཤ་	ཤ་	NOUN
ཡི་	གི་	PART
གླུད་	གླུད་	NO_POS
འདི་	འདི་	DET
ས་	ས་	ADP
ལ་	ལ་	PART
གཏོང་	གཏོང་	VERB
། །		PUNCT
ས་	ས་	ADP
ལ་	ལ་	PART
གནས་པ་	གནས་པ་	VERB
འི་	གི་	PART
ལྷ་འདྲེ་	ལྷ་འདྲེ་	NOUN
རྣམས་	རྣམས་	DET
། །		PUNCT
གླུད་	གླུད་	NO_POS
དང་	དང་	NO_POS
གཏོར་མ་	གཏོར་མ་	NOUN
འདི་	འདི་	DET
ལོངས་	ལོངས་	VERB
ལ་	ལ་	PART
། །		PUNCT
འཁོར་	འཁོར་	NOUN
དང་	དང་	NO_POS
གནོད་པ་	གནོད་པ་	VERB
མ་	མ་	PART
བྱེད་	བྱེད་	VERB
ཅིག་	ཅིག་	PART
།		PUNCT
ཁྲག་	ཁྲག་	NOUN
གི་	གི་	PART
གླུད་	གླུད་	NO_POS
འདི་	འདི་	DET
ཆུ་	ཆུ་	NOUN
ལ་	ལ་	PART
གཏོང་	གཏོང་	VERB
། །		PUNCT
ཆུ་	ཆུ་	NOUN
ལ་	ལ་	PART
གནས་པ་	གནས་པ་	VERB
འི་	གི་	PART
ལྷ་འདྲེ་	ལྷ་འདྲེ་	NOUN
རྣམས་	རྣམས་	DET
། །		PUNCT
གླུད་	གླུད་	NO_POS
དང་	དང་	NO_POS
གཏོར་མ་	གཏོར་མ་	NOUN
འདི་	འདི་	DET
ལོངས་	ལོངས་	VERB
ལ་	ལ་	PART
། །		PUNCT
འཁོར་	འཁོར་	NOUN
དང་	དང་	NO_POS
གནོད་པ་	གནོད་པ་	VERB
མ་	མ་	PART
བྱེད་	བྱེད་	VERB
ཅིག་	ཅིག་	PART
།		PUNCT
དྲོད་	དྲོད་	NOUN
ཀྱི་	གི་	PART
གླུད་	གླུད་	NO_POS
འདི་	འདི་	DET
མེ་	མེ་	NOUN
ལ་	ལ་	PART
གཏོང་	གཏོང་	VERB
། །		PUNCT
མེ་	མེ་	NOUN
ལ་	ལ་	PART
གནས་པ་	གནས་པ་	VERB
འི་	གི་	PART
ལྷ་འདྲེ་	ལྷ་འདྲེ་	NOUN
རྣམས་	རྣམས་	DET
། །		PUNCT
གླུད་	གླུད་	NO_POS
དང་	དང་	NO_POS
གཏོར་མ་	གཏོར་མ་	NOUN
འདི་	འདི་	DET
ལོངས་	ལོངས་	VERB
ལ་	ལ་	PART
། །		PUNCT
འཁོར་	འཁོར་	NOUN
དང་	དང་	NO_POS
གནོད་པ་	གནོད་པ་	VERB
མ་	མ་	PART
བྱེད་	བྱེད་	VERB
ཅིག་	ཅིག་	PART
།		PUNCT
དབུགས་	དབུགས་	NOUN
ཀྱི་	གི་	PART
གླུད་	གླུད་	NO_POS
འདི་	འདི་	DET
རླུང་	རླུང་	NOUN
ལ་	ལ་	PART
གཏོང་	གཏོང་	VERB
། །		PUNCT
རླུང་	རླུང་	NOUN
ལ་	ལ་	PART
གནས་པ་	གནས་པ་	VERB
འི་	གི་	PART
ལྷ་འདྲེ་	ལྷ་འདྲེ་	NOUN
རྣམས་	རྣམས་	DET
། །		PUNCT
གླུད་	གླུད་	NO_POS
དང་	དང་	NO_POS
གཏོར་མ་	གཏོར་མ་	NOUN
འདི་	འདི་	DET
ལོངས་	ལོངས་	VERB
ལ་	ལ་	PART
། །		PUNCT
འཁོར་	འཁོར་	NOUN
དང་	དང་	NO_POS
གནོད་པ་	གནོད་པ་	VERB
མ་	མ་	PART
བྱེད་	བྱེད་	VERB
ཅིག་	ཅིག་	PART
།		PUNCT
སེམས་	སེམས་	NOUN
ཀྱི་	གི་	PART
གླུད་	གླུད་	NO_POS
འདི་	འདི་	DET
མཁའ་	མཁའ་	NOUN
ལ་	ལ་	PART
གཏོང་	གཏོང་	VERB
། །		PUNCT
མཁའ་	མཁའ་	NOUN
ལ་	ལ་	PART
གནས་པ་	གནས་པ་	VERB
འི་	གི་	PART
ལྷ་འདྲེ་	ལྷ་འདྲེ་	NOUN
རྣམས་	རྣམས་	DET
། །		PUNCT
གླུད་	གླུད་	NO_POS
དང་	དང་	NO_POS
གཏོར་མ་	གཏོར་མ་	NOUN
འདི་	འདི་	DET
ལོངས་	ལོངས་	VERB
ལ་	ལ་	PART
། །		PUNCT
འཁོར་	འཁོར་	NOUN
དང་	དང་	NO_POS
གནོད་པ་	གནོད་པ་	VERB
མ་	མ་	PART
བྱེད་	བྱེད་	VERB
ཅིག་	ཅིག་	PART
།		PUNCT
ཕྱི་	ཕྱི་	NOUN
ལྟ་	ལྟ་	OTHER
བལྟ་	བལྟ་	VERB
ན་	ལ་	PART
དྲི་	དྲི་	NOUN
སྨན་ལྔ་	སྨན་ལྔ་	NO_POS
། །		PUNCT
ནང་ལྟར་	ནང་ལྟར་	NO_POS
བལྟ་	བལྟ་	VERB
ན་	ལ་	PART
རིན་ཆེན་	རིན་ཆེན་	OTHER
ལྔ་	ལྔ་	NUM
། །		PUNCT
གསང་བ་	གསང་བ་	VERB
ཡེ་ཤེས་	ཡེ་ཤེས་	NOUN
མཁའ་འགྲོ་	མཁའ་འགྲོ་	NOUN
ལྔ་	ལྔ་	NUM
། །		PUNCT
རྒྱུ་	རྒྱུ་	NOUN
སྦྱོར་	སྦྱོར་	VERB
ཡོན་བདག་	ཡོན་བདག་	NOUN
འཁོར་བཅས་	འཁོར་བཅས་	ADJ
ཀྱི་	གི་	PART
། །		PUNCT
གླུད་	གླུད་	NO_POS
དང་	དང་	NO_POS
གཏོར་མ་	གཏོར་མ་	NOUN
འདི་	འདི་	DET
ལོངས་	ལོངས་	VERB
ལ་	ལ་	PART
། །		PUNCT
འཁོར་	འཁོར་	NOUN
གནོད་	གནོད་	VERB
མ་	མ་	PART
བྱེད་	བྱེད་	VERB
རང་གནས་	རང་གནས་	NOUN
སོང་	སོང་	VERB
། །		PUNCT
འདི་འདྲ་	འདི་འདྲ་	NO_POS
འི་	གི་	PART
གླུད་	གླུད་	NO_POS
མཆོག་	མཆོག་	ADJ
ཡ་མཚན་	ཡ་མཚན་	ADJ
ཅན་	ཅན་	PART
། །		PUNCT
ཟེར་མོ་	ཟེར་མོ་	NO_POS
འི་	གི་	PART
སྐྲ་	སྐྲ་	NOUN
ལ་	ལ་	PART
ཞོ་ཤ་	ཞོ་ཤ་	NOUN
འི་	གི་	PART
སྙིང་	སྙིང་	NOUN
། །		PUNCT
སྒྲོན་	སྒྲོན་	NOUN
བུ་	བུ་	NOUN
འི་	གི་	PART
སོ་	གོ་	PART
ལ་ལུང་	ལ་ལུང་	NO_POS
ཐང་	ཐང་	NOUN
མིག་	མིག་	NOUN
།		PUNCT
ལག་པ་	ལག་པ་	NOUN
གཡས་པ་	གཡས་པ་	VERB
རིན་ཆེན་	རིན་ཆེན་	OTHER
གསེར་	གསེར་	NOUN
། །		PUNCT
ལག་པ་	ལག་པ་	NOUN
གཡོན་པ་	གཡོན་པ་	ADJ
རིན་ཆེན་	རིན་ཆེན་	OTHER
གཡུ་	གཡུ་	NOUN
། །		PUNCT
ཕྱག་	ཕྱག་	NOUN
གི་	གི་	PART
གར་སྟབས་	གར་སྟབས་	NO_POS
ལིངས་སེ་	ལིངས་སེ་	NO_POS
ལིང་	ལིང་	ADV
། །		PUNCT
རྐང་པ་	རྐང་པ་	NOUN
གཡས་པ་	གཡས་པ་	VERB
ཐབས་	ཐབས་	NOUN
ཀྱི་	གི་	PART
ལྕགས་	ལྕགས་	NOUN
། །		PUNCT
རྐང་པ་	རྐང་པ་	NOUN
གཡོན་པ་	གཡོན་པ་	ADJ
ཤེས་རབ་	ཤེས་རབ་	NOUN
ཟངས་	ཟངས་	NOUN
། །		PUNCT
ཞབས་	ཞབས་	NOUN
ཀྱི་	གི་	PART
བྲོ་	བྲོ་	VERB
བརྡུང་	བརྡུང་	NO_POS
ཁྲིགས་སེ་	ཁྲིགས་སེ་	NO_POS
ཁྲིག་	ཁྲིག་	NO_POS
།		PUNCT
བཅོ་	བཅོ་	NUM
ས་	གིས་	PART
བཅོ་	བཅོ་	NUM
ས་	གིས་	PART
དེ་	སྟེ་	PART
ནི་	ནི་	NO_POS
བརྒྱན་	བརྒྱན་	VERB
བརྒྱན་	བརྒྱན་	VERB
ན་	ནས་	PART
། །		PUNCT
སྐྱེས་པ་	སྐྱེས་པ་	VERB
དམག་	དམག་	NOUN
ལ་ཆ་	ལ་ཆ་	PROPN
ས་པ་	ས་པ་	PART
འདྲ་	འདྲ་	VERB
། །		PUNCT
སྐྱེས་པ་ཕོ་	སྐྱེས་པ་ཕོ་	NO_POS
ཡི་	གི་	PART
གླུད་	གླུད་	NO_POS
དུ་	ལ་	PART
ཁྱོད་	ཁྱོད་	PRON
གཏོང་	གཏོང་	VERB
ངོ་	གོ་	PART
། །		PUNCT
ཟ་མ་	ཟ་མ་	NOUN
གསེར་	གསེར་	NOUN
གཡུ་	གཡུ་	NOUN
འི་	གི་	PART
རྒྱན་	རྒྱན་	NOUN
དང་	དང་	NO_POS
བཅའ་	བཅའ་	VERB
། །		PUNCT
བྱིས་པ་	བྱིས་པ་	NOUN
འདི་	འདི་	DET
ན་	ནས་	PART
ངར་ངར་	ངར་ངར་	NO_POS
ན་	ནས་	PART
། །		PUNCT
མོ་	གོ་	PART
བཙུན་	བཙུན་	VERB
བག་མ་	བག་མ་	NOUN
ར་	ལ་	PART
ཆས་པ་	ཆས་པ་	VERB
འདྲ་	འདྲ་	VERB
། །		PUNCT
ཟ་མ་མོ་	ཟ་མ་མོ་	OTHER
འི་	གི་	PART
གླུད་	གླུད་	NO_POS
དུ་	ལ་	PART
ཁྱོད་	ཁྱོད་	PRON
གཏོང་	གཏོང་	VERB
ངོ་	གོ་	PART
། །		PUNCT
བྱིས་པ་	བྱིས་པ་	NOUN
ཆུང་ངུ་	ཆུང་ངུ་	ADJ
འི་	གི་	PART
གླུད་	གླུད་	NO_POS
དུ་	ལ་	PART
ཁྱོད་	ཁྱོད་	PRON
གཏོང་	གཏོང་	VERB
ངོ་	གོ་	PART
། །		PUNCT
མཉམ་	མཉམ་	VERB
མཉམ་	མཉམ་	VERB
མདའ་སྒྲོ་	མདའ་སྒྲོ་	NO_POS
གླུད་	གླུད་	NO_POS
དུ་	ལ་	PART
ཁྱོད་	ཁྱོད་	PRON
གཏོང་	གཏོང་	VERB
ངོ་	གོ་	PART
། །		PUNCT
བོན་	བོན་	NO_POS
བོན་	བོན་	NO_POS
གསེར་	གསེར་	NOUN
གསེར་	གསེར་	NOUN
གླུད་	གླུད་	NO_POS
དུ་	ལ་	PART
ཁྱོད་	ཁྱོད་	PRON
གཏོང་	གཏོང་	VERB
ངོ་	གོ་	PART
། །		PUNCT
ཆེ་བ་	ཆེ་བ་	VERB
རྒྱལ་པོ་	རྒྱལ་པོ་	NOUN
འི་	གི་	PART
གླུད་	གླུད་	NO_POS
དུ་	ལ་	PART
ཁྱོད་	ཁྱོད་	PRON
གཏོང་	གཏོང་	VERB
ངོ་	གོ་	PART
། །		PUNCT
ངན་	ངན་	VERB
ལོང་	ལོང་	VERB
སྤྲང་པོ་	སྤྲང་པོ་	NOUN
འི་	གི་	PART
གླུད་	གླུད་	NO_POS
དུ་	ལ་	PART
ཁྱོད་	ཁྱོད་	PRON
གཏོང་	གཏོང་	VERB
ངོ་	གོ་	PART
། །		PUNCT
རྐང་བཞི་	རྐང་བཞི་	NO_POS
ཕྱུགས་	ཕྱུགས་	NOUN
ཀྱི་	གི་	PART
གླུད་	གླུད་	NO_POS
དུ་	ལ་	PART
ཁྱོད་	ཁྱོད་	PRON
གཏོང་	གཏོང་	VERB
ངོ་	གོ་	PART
། །		PUNCT
གླུད་	གླུད་	NO_POS
བདག་	བདག་	PRON
རྣམས་	རྣམས་	DET
ཀྱིས་	གིས་	PART
གླུད་	གླུད་	NO_POS
འདི་	འདི་	DET
ལོངས་	ལོངས་	VERB
། །		PUNCT
ཡ་		
བདག་	བདག་	PRON
རྣམས་	རྣམས་	DET
ཀྱིས་	གིས་	PART
ཡ་		
འདི་	འདི་	DET
ལོངས་	ལོངས་	VERB
། །		PUNCT
མ་	མ་	OTHER
བདག་	བདག་	PRON
རྣམས་	རྣམས་	DET
ཀྱིས་	གིས་	PART
མ་	མ་	OTHER
འདི་	འདི་	DET
ལོངས་	ལོངས་	VERB
། །		PUNCT
ཤ་	ཤ་	VERB
དུ་	ལ་	PART
དཀར་པོ་	དཀར་པོ་	ADJ
འི་	གི་	PART
ཕྱག་	ཕྱག་	NOUN
ཏུ་	ལ་	PART
འབུལ་	འབུལ་	NO_POS
། །		PUNCT
ལྷོ་	ལྷོ་	NOUN
རུ་	ལ་	PART
སེར་པོ་	སེར་པོ་	ADJ
འི་	གི་	PART
ཕྱག་	ཕྱག་	NOUN
ཏུ་	ལ་	PART
འབུལ་	འབུལ་	NO_POS
། །		PUNCT
ནུབ་	ནུབ་	ADV
ཏུ་	ལ་	PART
དམར་པོ་	དམར་པོ་	ADJ
འི་	གི་	PART
ཕྱག་	ཕྱག་	NOUN
ཏུ་	ལ་	PART
འབུལ་	འབུལ་	NO_POS
། །		PUNCT
བྱང་	བྱང་	NOUN
དུ་	ལ་	PART
ལྗང་གུ་	ལྗང་གུ་	NO_POS
འི་	གི་	PART
ཕྱག་	ཕྱག་	NOUN
ཏུ་	ལ་	PART
འབུལ་	འབུལ་	NO_POS
། །		PUNCT
གནམ་	གནམ་	NOUN
དུ་	ལ་	PART
འཁོར་ལོ་	འཁོར་ལོ་	NOUN
འི་	གི་	PART
ཕྱག་	ཕྱག་	NOUN
ཏུ་	ལ་	PART
འབུལ་	འབུལ་	NO_POS
། །		PUNCT
ཞི་བ་ལྷ་	ཞི་བ་ལྷ་	PROPN
ཡི་	གི་	PART
ཕྱག་	ཕྱག་	NOUN
ཏུ་	ལ་	PART
འབུལ་	འབུལ་	NO_POS
། །		PUNCT
བཀའ་	བཀའ་	NOUN
གཉན་	གཉན་	OTHER
རྒྱལ་པ་	རྒྱལ་པ་	VERB
འི་	གི་	PART
ཕྱག་	ཕྱག་	NOUN
ཏུ་	ལ་	PART
འབུལ་	འབུལ་	NO_POS
། །		PUNCT
འགྱོགས་་	འགྱོགས་པ་	NO_POS
བཙན་	བཙན་	VERB
གྱི་	གི་	PART
ཕྱག་	ཕྱག་	NOUN
ཏུ་	ལ་	PART
འབུལ་	འབུལ་	NO_POS
། །		PUNCT
ནག་པོ་	ནག་པོ་	ADJ
བདུད་	བདུད་	NOUN
ཀྱི་	གི་	PART
ཕྱག་	ཕྱག་	NOUN
ཏུ་	ལ་	PART
འབུལ་	འབུལ་	NO_POS
། །		PUNCT
གདུག་པ་	གདུག་པ་	ADJ
ཀླུ་	ཀླུ་	NOUN
ཡི་	གི་	PART
ཕྱག་	ཕྱག་	NOUN
ཏུ་	ལ་	PART
འབུལ་	འབུལ་	NO_POS
། །		PUNCT
སྲོག་	སྲོག་	NOUN
བདག་	བདག་	PRON
དབུགས་	དབུགས་	NOUN
ལེན་	ལེན་	VERB
ཕྱག་	ཕྱག་	NOUN
ཏུ་	ལ་	PART
འབུལ་	འབུལ་	NO_POS
། །		PUNCT
འདྲེ་	འདྲེ་	NOUN
ལྔ་	ལྔ་	NUM
བདུད་	བདུད་	NOUN
བཅོ་	བཅོ་	NUM
ས་	གིས་	PART
ཕྱག་	ཕྱག་	NOUN
ཏུ་	ལ་	PART
འབུལ་	འབུལ་	NO_POS
།		PUNCT
ནམ་མཁའ་	ནམ་མཁའ་	NOUN
གང་བ་	གང་བ་	VERB
འི་	གི་	PART
ལྷ་འདྲེ་	ལྷ་འདྲེ་	NOUN
ལ་	ལ་	PART
། །		PUNCT
རི་རབ་	རི་རབ་	PROPN
ཙམ་	ཙམ་	DET
གྱི་	གི་	PART
གཏོ་	གཏོ་	VERB
གླུད་	གླུད་	NO_POS
འབུལ་	འབུལ་	NO_POS
། །		PUNCT
འབུལ་བ་	འབུལ་བ་	VERB
བདག་	བདག་	PRON
གིས་	གིས་	PART
མ་	མ་	PART
ནོར་	ནོར་	NOUN
རོ་	རོ་	NOUN
། །		PUNCT
བཞེས་པ་	བཞེས་པ་	VERB
ཁྱེད་	ཁྱེད་	PRON
ཀྱིས་	གིས་	PART
མ་	མ་	PART
འཁྲུལ་	འཁྲུལ་	NO_POS
ཅིག་	ཅིག་	PART
།		PUNCT
ད་ནི་	ད་ནི་	NO_POS
གཤེགས་	གཤེགས་	VERB
སོ་	གོ་	PART
ཤ་ར་ར་	ཤ་ར་ར་	NO_POS
། །		PUNCT
ད་ནི་	ད་ནི་	NO_POS
བཞུད་	བཞུད་	NO_POS
དོ་	གོ་	PART
སི་	སི་	OTHER
ལི་	ལི་	OTHER
ལི་	ལི་	OTHER
། །		PUNCT
དོ་ནུབ་	དོ་ནུབ་	ADV
རྣལ་འབྱོར་	རྣལ་འབྱོར་	NOUN
འདི་རུ་	འདི་རུ་	NO_POS
སྡོད་	སྡོད་	VERB
། །		PUNCT
མི་	མི་	PART
ཤོང་	ཤོང་	NO_POS
ཙམ་	ཙམ་	DET
གྱི་	གི་	PART
རྟ་	རྟ་	NOUN
མི་	མི་	PART
ཤོང་	ཤོང་	NO_POS
། །		PUNCT
རྟ་	རྟ་	NOUN
ཤོང་	ཤོང་	NO_POS
ཙམ་	ཙམ་	DET
གྱིས་	གིས་	PART
སྒ་	སྒ་	NOUN
མི་	མི་	PART
ཤོང་	ཤོང་	NO_POS
། །		PUNCT
ཁྱི་	ཁྱི་	NOUN
ཕག་	ཕག་	NOUN
འདི་	འདི་	DET
ནི་	ནི་	NO_POS
ཚང་	ཚང་	VERB
མི་	མི་	PART
གཅིག་	གཅིག་	NUM
།		PUNCT
བྱ་	བྱ་	VERB
བྱི་	བྱི་	NO_POS
དེ་	སྟེ་	PART
ནི་	ནི་	NO_POS
གནས་	གནས་	NOUN
མི་	མི་	PART
གཅིག་	གཅིག་	NUM
།		PUNCT
འདི་རུ་	འདི་རུ་	NO_POS
འདུག་པ་	འདུག་པ་	VERB
འི་	གི་	PART
གནས་	གནས་	NOUN
ཚོལ་	ཚོལ་	VERB
རྣམས་	རྣམས་	DET
། །		PUNCT
གླུད་	གླུད་	NO_POS
དང་	དང་	NO_POS
གཏོར་མ་	གཏོར་མ་	NOUN
འདི་	འདི་	DET
ལོངས་	ལོངས་	VERB
ལ་	ལ་	PART
། །		PUNCT
རྒྱུ་	རྒྱུ་	NOUN
སྦྱོར་	སྦྱོར་	VERB
ཡོན་བདག་	ཡོན་བདག་	NOUN
འཁོར་བཅས་	འཁོར་བཅས་	ADJ
ཀྱི་	གི་	PART
། །		PUNCT
ཤོ་	ཤོ་	NOUN
ལ་	ལ་	PART
བབ་	བབ་	VERB
ན་ཤོ་	ན་ཤོ་	NO_POS
རྡེལ་	རྡེལ་	NO_POS
སྟོར་	སྟོར་	VERB
། །		PUNCT
རྒྱན་	རྒྱན་	NOUN
ལ་	ལ་	PART
བབ་	བབ་	VERB
ན་	ལ་	PART
རྒྱན་	རྒྱན་	NOUN
དེ་	སྟེ་	PART
སྤོ་	སྤོ་	NOUN
། །		PUNCT
རྩི་	རྩི་	NOUN
ལ་	ལ་	PART
བབསན་		NON_WORD
རྩི་	རྩི་	NOUN
དེ་	སྟེ་	PART
ཕྱུང་	ཕྱུང་	VERB
། །		PUNCT
ཁྲམ་	ཁྲམ་	NO_POS
ལ་	ལ་	PART
བབ་	བབ་	VERB
ན་	ལ་	PART
ཁྲམ་	ཁྲམ་	NO_POS
ཁ་ཆིངས་	ཁ་ཆིངས་	NO_POS
། །		PUNCT
ན་བ་	ན་བ་	VERB
འི་	གི་	PART
ན་བུན་	ན་བུན་	NOUN
ཐོན་	ཐོན་	VERB
ལ་	ལ་	PART
སོང་	སོང་	VERB
། །		PUNCT
ཚ་བ་	ཚ་བ་	VERB
འི་	གི་	PART
ཚ་བུན་	ཚ་བུན་	NO_POS
ཐོན་	ཐོན་	VERB
ལ་	ལ་	PART
སོང་	སོང་	VERB
། །		PUNCT
སྡམ་པ་	སྡམ་པ་	NON_WORD
ལྷོད་	ལྷོད་	NO_POS
ལ་	ལ་	PART
བཅིངས་པ་	བཅིངས་པ་	VERB
ཁྲོལ་	ཁྲོལ་	VERB
། །		PUNCT
བདུད་	བདུད་	NOUN
ཀྱི་	གི་	PART
ཞགས་པ་	ཞགས་པ་	NOUN
ད་	ད་	ADV
ཁྲོལ་	ཁྲོལ་	VERB
ཅིག་	ཅིག་	PART
།		PUNCT
ལྷ་	ལྷ་	NOUN
གཉན་	གཉན་	OTHER
གངས་དཀར་	གངས་དཀར་	NOUN
རྩེ་	རྩེ་	NOUN
ལ་	ལ་	PART
གཤེགས་	གཤེགས་	VERB
། །		PUNCT
ཀླུ་གཉན་	ཀླུ་གཉན་	OTHER
རྒྱ་མཚོ་	རྒྱ་མཚོ་	NOUN
འི་	གི་	PART
གཏིང་	གཏིང་	NOUN
ལ་	ལ་	PART
གཤེགས་	གཤེགས་	VERB
། །		PUNCT
རྒྱལ་པོ་	རྒྱལ་པོ་	NOUN
དཀོར་		NON_WORD
ཁང་	ཁང་	NOUN
ནང་	ནང་	NOUN
དུ་	ལ་	PART
གཤེགས་	གཤེགས་	VERB
། །		PUNCT
བཙན་རྒོད་	བཙན་རྒོད་	NO_POS
བྲག་དམར་	བྲག་དམར་	PROPN
ལོགས་	ལོགས་	NOUN
ལ་	ལ་	PART
གཤེགས་	གཤེགས་	VERB
། །		PUNCT
ཐེའུ་རང་	ཐེའུ་རང་	NO_POS
བྲག་ཕུག་	བྲག་ཕུག་	NOUN
སྟོང་པ་	སྟོང་པ་	VERB
ར་	ལ་	PART
གཤེགས་	གཤེགས་	VERB
། །		PUNCT
འབྱུང་པོ་	འབྱུང་པོ་	NOUN
རོལ་	རོལ་	VERB
རོལ་	རོལ་	VERB
ནང་	ནང་	NOUN
དུ་	ལ་	PART
གཤེགས་	གཤེགས་	VERB
། །		PUNCT
བལ་	བལ་	PROPN
མོ་	གོ་	PART
བརྒྱ་ལམ་	བརྒྱ་ལམ་	ADJ
ནང་	ནང་	NOUN
དུ་	ལ་	PART
གཤེགས་	གཤེགས་	VERB
། །		PUNCT
རང་རང་	རང་རང་	NO_POS
སོ་སོ་	སོ་སོ་	PRON
འི་	གི་	PART
གནས་	གནས་	NOUN
སུ་	ལ་	PART
སོང་	སོང་	VERB
། །		PUNCT
དེ་ནས་	དེ་ནས་	NO_POS
སྒྲུབ་	སྒྲུབ་	VERB
བྱ་	བྱ་	VERB
རྣམས་	རྣམས་	DET
ལ་	ལ་	PART
གླུད་	གླུད་	NO_POS
རྣམས་	རྣམས་	DET
བསྐོར་	བསྐོར་	VERB
།		PUNCT
ཁྲོ་བོ་	ཁྲོ་བོ་	NOUN
ཧཱུྃ་		NON_WORD
མཛད་	མཛད་	VERB
ཀྱི་	གི་	PART
ཕྱག་རྒྱ་	ཕྱག་རྒྱ་	NOUN
བྱ་	བྱ་	VERB
ལ་	ལ་	PART
།		PUNCT
ན་མོ་	ན་མོ་	X
།		PUNCT
རྗེ་བཙུན་	རྗེ་བཙུན་	NOUN
རྩ་བ་	རྩ་བ་	NOUN
དང་	དང་	NO_POS
བརྒྱུད་པ་	བརྒྱུད་པ་	VERB
ར་	ལ་	PART
བཅས་པ་	བཅས་པ་	VERB
འི་	གི་	PART
དཔལ་ལྡན་	དཔལ་ལྡན་	ADJ
བླ་མ་	བླ་མ་	NOUN
དམ་པ་	དམ་པ་	VERB
རྣམས་	རྣམས་	DET
ཀྱི་	གི་	PART
བཀའ་	བཀའ་	NOUN
བདེན་པ་	བདེན་པ་	VERB
དང་	དང་	NO_POS
།		PUNCT
སངས་རྒྱས་	སངས་རྒྱས་	NOUN
ཀྱི་	གི་	PART
བཀའ་	བཀའ་	NOUN
བདེན་པ་	བདེན་པ་	VERB
དང་	དང་	NO_POS
།		PUNCT
ཆོ་	ཆོ་	NOUN
ཀྱི་	གི་	PART
བཀའ་	བཀའ་	NOUN
བདེན་པ་	བདེན་པ་	VERB
དང་	དང་	NO_POS
།		PUNCT
དགེ་འདུན་	དགེ་འདུན་	NOUN
གྱི་	གི་	PART
བཀའ་	བཀའ་	NOUN
བདེན་པ་	བདེན་པ་	VERB
དང་	དང་	NO_POS
།		PUNCT
ཡི་དམ་	ཡི་དམ་	NOUN
དཀྱིལ་འཁོར་	དཀྱིལ་འཁོར་	NOUN
གྱི་	གི་	PART
ལྷ་ཚོགས་	ལྷ་ཚོགས་	NOUN
འཁོར་	འཁོར་	NOUN
དང་	དང་	NO_POS
བཅས་པ་	བཅས་པ་	VERB
རྣམས་	རྣམས་	DET
ཀྱི་	གི་	PART
བཀའ་	བཀའ་	NOUN
བདེན་པ་	བདེན་པ་	VERB
དང་	དང་	NO_POS
།		PUNCT
ཁྱད་པར་	ཁྱད་པར་	NOUN
ཁྲོ་བོ་	ཁྲོ་བོ་	NOUN
འི་	གི་	PART
རྒྱལ་པོ་	རྒྱལ་པོ་	NOUN
རྟ་མཆོག་	རྟ་མཆོག་	NOUN
རོལ་པ་	རོལ་པ་	VERB
ཐུགས་རྗེ་	ཐུགས་རྗེ་	NOUN
ཆེན་པོ་	ཆེན་པོ་	ADJ
འི་	གི་	PART
ལྷ་ཚོགས་	ལྷ་ཚོགས་	NOUN
རྣམས་	རྣམས་	DET
ཀྱི་	གི་	PART
བཀའ་	བཀའ་	NOUN
བདེན་པ་	བདེན་པ་	VERB
དང་	དང་	NO_POS
།		PUNCT
བདེན་པ་	བདེན་པ་	VERB
ཆེན་པོ་	ཆེན་པོ་	ADJ
འི་	གི་	PART
མཐུ་	མཐུ་	NOUN
ལ་	ལ་	PART
བརྟེན་	བརྟེན་	VERB
ན་	ནས་	PART
དེང་	དེང་	ADV
བསྒྲུབ་བྱ་	བསྒྲུབ་བྱ་	VERB
དེ་	སྟེ་	PART
རྣམས་	རྣམས་	DET
སྟེང་གདོན་	སྟེང་གདོན་	NO_POS
གཟའ་	གཟའ་	NOUN
དང་	དང་	NO_POS
རྒྱུ་སྐར་	རྒྱུ་སྐར་	NOUN
།		PUNCT
འོག་གདོན་	འོག་གདོན་	NO_POS
ས་བདག་	ས་བདག་	NOUN
ཀླུ་གཉན་	ཀླུ་གཉན་	OTHER
།		PUNCT
བར་གདོན་	བར་གདོན་	NO_POS
བཙན་	བཙན་	VERB
དང་	དང་	NO_POS
རྒྱལ་པོ་	རྒྱལ་པོ་	NOUN
ལ་སོགས་པ་	ལ་སོགས་པ་	NO_POS
འབྱུང་པོ་	འབྱུང་པོ་	NOUN
མི་མ་ཡིན་	མི་མ་ཡིན་	NO_POS
གྱི་	གི་	PART
རིགས་	རིགས་	NOUN
སུ་	ལ་	PART
གྱུར་པ་	གྱུར་པ་	VERB
ཐམས་ཅད་	ཐམས་ཅད་	DET
མཆོད་སྦྱིན་	མཆོད་སྦྱིན་	NOUN
གླུད་གཏོར་	གླུད་གཏོར་	NO_POS
བཟང་པོ་	བཟང་པོ་	ADJ
འདི་	འདི་	DET
ཁྱེ་	ཁྱེ་	VERB
ལ་སོ་	ལ་སོ་	NO_POS
སོ་	གོ་	PART
རང་རང་	རང་རང་	NO_POS
གནས་	གནས་	NOUN
སུ་	ལ་	PART
བདེ་བ་	བདེ་བ་	VERB
ར་	ལ་	PART
དེངས་	དེངས་	NO_POS
ཤིག་	ཅིག་	PART
།		PUNCT
གལ་ཏེ་	གལ་ཏེ་	NO_POS
མི་	མི་	PART
འགྲོ་	འགྲོ་	VERB
ན་	ལ་	PART
ཁྲོ་བོ་	ཁྲོ་བོ་	NOUN
ཡེ་ཤེས་	ཡེ་ཤེས་	NOUN
ཀྱི་	གི་	PART
རྡོ་རྗེ་	རྡོ་རྗེ་	NOUN
མེ་	མེ་	NOUN
རབ་ཏུ་	རབ་ཏུ་	NO_POS
འབར་བ་	འབར་བ་	VERB
འདི་	འདི་	DET
རྣམས་	རྣམས་	DET
ཀྱིས་	གིས་	PART
མགོ་བོ་	མགོ་བོ་	NOUN
ཚལ་པ་	ཚལ་པ་	NOUN
བརྒྱ་	བརྒྱ་	NUM
ར་	ལ་	PART
འགས་པ་	འགས་པ་	VERB
ར་	ལ་	PART
འགྱུར་ཏ་རེ་	འགྱུར་ཏ་རེ་	NO_POS
།		PUNCT
ཨོཾ་	ཨོཾ་	X
སུམྦྷ་		NON_WORD
ནི་	ནི་	NO_POS
སོགས་	སོགས་	DET
དྲག་སྔགས་	དྲག་སྔགས་	NOUN
བརྗོད་	བརྗོད་	VERB
ཅིང་	ཅིང་	PART
གནམ་ལྕགས་	གནམ་ལྕགས་	NOUN
ཀྱི་	གི་	PART
བབ་	བབ་	VERB
གླུད་གཏོར་	གླུད་གཏོར་	NO_POS
རྣམས་	རྣམས་	DET
ཕྱི་རོལ་	ཕྱི་རོལ་	NOUN
དུ་	ལ་	PART
གནོད་	གནོད་	VERB
ཕྱོགས་	ཕྱོགས་	NOUN
སུ་	ལ་	PART
བསྐྱལ་	བསྐྱལ་	NO_POS
ཕྱི་མིག་	ཕྱི་མིག་	NOUN
མི་ལྟ་བ་	མི་ལྟ་བ་	NO_POS
ར་	ལ་	PART
ལོག་	ལོག་	VERB
།		PUNCT
བཀའ་	བཀའ་	NOUN
བསྒོ་	བསྒོ་	NO_POS
ནི་	ནི་	NO_POS
།		PUNCT
བཀའ་	བཀའ་	NOUN
བསྒོ་	བསྒོ་	NO_POS
འདི་	འདི་	DET
ཡི་	གི་	PART
ནུས་མཐུ་	ནུས་མཐུ་	NOUN
ཡི་	གིས་	PART
། །		PUNCT
ཐལ་	ཐལ་	VERB
ཕྱེ་	ཕྱེ་	VERB
རླུང་	རླུང་	NOUN
གིས་	གིས་	PART
གཏོར་བ་	གཏོར་བ་	VERB
བཞིན་	བཞིན་	NOUN
། །		PUNCT
གནོད་	གནོད་	VERB
བྱེད་	བྱེད་	VERB
འདི་རུ་	འདི་རུ་	NO_POS
གནས་	གནས་	NOUN
མི་	མི་	PART
འགྱུར་	འགྱུར་	VERB
། །		PUNCT
དྲང་སྲོང་	དྲང་སྲོང་	NOUN
དམོད་པ་	དམོད་པ་	VERB
ཟློག་	ཟློག་	VERB
ཏུ་	ལ་	PART
མནན་	མནན་	VERB
། །		PUNCT
བསྲུང་	བསྲུང་	NO_POS
འཁོར་	འཁོར་	NOUN
བསྒོམ་པ་	བསྒོམ་པ་	VERB
ནི་	ནི་	NO_POS
།		PUNCT
རང་ཉིད་	རང་ཉིད་	OTHER
ཡི་དམ་	ཡི་དམ་	NOUN
དུ་	ལ་	PART
གསལ་བ་	གསལ་བ་	VERB
འི་	གི་	PART
ཐུགས་ཀ་	ཐུགས་ཀ་	NOUN
འི་	གི་	PART
ཧཱུྃ་		NON_WORD
ལ་	ལ་	ADP
ས་	གིས་	PART
རྡོ་རྗེ་	རྡོ་རྗེ་	NOUN
འི་	གི་	PART
མཚོན་ཆ་	མཚོན་ཆ་	NOUN
དཔག་	དཔག་	VERB
ཏུ་	ལ་	PART
མེད་པ་	མེད་པ་	VERB
འཕྲོས་པ་	འཕྲོས་པ་	VERB
ས་	གིས་	PART
སྟེང་	སྟེང་	NOUN
ཐམས་ཅད་	ཐམས་ཅད་	DET
རྡོ་རྗེ་	རྡོ་རྗེ་	NOUN
འི་	གི་	PART
གུ་	གུ་	NOUN
དང་	དང་	NO_POS
བླ་བྲེ་	བླ་བྲེ་	NO_POS
།		PUNCT
འོག་	འོག་	NOUN
ཐམས་ཅད་	ཐམས་ཅད་	DET
རྡོ་རྗེ་	རྡོ་རྗེ་	NOUN
འི་	གི་	PART
རྩིག་པ་	རྩིག་པ་	VERB
དང་རྭ་བ་	དང་རྭ་བ་	NO_POS
འི་	གི་	PART
གཏམས་པ་	གཏམས་པ་	NO_POS
འི་	གི་	PART
ཕྱི་རོལ་	ཕྱི་རོལ་	NOUN
ཡེ་ཤེས་	ཡེ་ཤེས་	NOUN
ཀྱི་	གི་	PART
མེ་དཔུང་	མེ་དཔུང་	OTHER
འབར་བ་	འབར་བ་	VERB
ར་	ལ་	PART
གནོད་	གནོད་	VERB
བྱེད་	བྱེད་	VERB
ཐམས་ཅད་	ཐམས་ཅད་	DET
བསྲེག་པ་	བསྲེག་པ་	VERB
ར་	ལ་	PART
གྱུར་	གྱུར་	VERB
།		PUNCT
ཁྱད་པར་	ཁྱད་པར་	NOUN
དུ་	ལ་	PART
ཡང་	ཀྱང་	PART
བསྒྲུབ་བྱ་	བསྒྲུབ་བྱ་	VERB
འདི་ཉིད་	འདི་ཉིད་	OTHER
ལུས་	ལུས་	NOUN
རྡོ་རྗེ་	རྡོ་རྗེ་	NOUN
འི་	གི་	PART
གོ་ཁྲབ་	གོ་ཁྲབ་	NOUN
ཀྱིས་	གིས་	PART
ཞུ་	ཞུ་	VERB
ལུབས་		NON_WORD
སུ་	ལ་	PART
གཡོགས་པ་	གཡོགས་པ་	VERB
ས་	གིས་	PART
བར་ཆད་	བར་ཆད་	NOUN
གདོན་བགེགས་	གདོན་བགེགས་	NO_POS
རྣམས་	རྣམས་	DET
ཀྱིས་	གིས་	PART
ཅིས་ཀྱང་	ཅིས་ཀྱང་	NO_POS
མི་	མི་	PART
ཚུགས་པ་	ཚུགས་པ་	VERB
ར་	ལ་	PART
བསྒོམ་	བསྒོམ་	VERB
།		PUNCT
ཨོཾ་	ཨོཾ་	X
བཛྲ་	བཛྲ་	NO_POS
རཀྵ་		NON_WORD
རཀྵ་		NON_WORD
ཧཱུྃ་		NON_WORD
།		PUNCT
ཕྱོགས་	ཕྱོགས་	NOUN
བཅུ་	བཅུ་	NUM
དུས་གསུམ་	དུས་གསུམ་	OTHER
བདེ་གཤེགས་	བདེ་གཤེགས་	NOUN
ཐམས་ཅད་	ཐམས་ཅད་	DET
དང་	དང་	NO_POS
། །		PUNCT
ཁྲོ་རྒྱལ་	ཁྲོ་རྒྱལ་	NO_POS
རྟ་མཆོག་	རྟ་མཆོག་	NOUN
རོལ་པ་	རོལ་པ་	VERB
འི་	གི་	PART
བྱིན་རླབས་	བྱིན་རླབས་	NOUN
ཀྱིས་	གིས་	PART
། །		PUNCT
འགྲོ་བ་	འགྲོ་བ་	VERB
འདི་	འདི་	DET
ལ་	ལ་	PART
བདག་	བདག་	PRON
གིས་	གིས་	PART
བསྲུང་	བསྲུང་	NO_POS
བྱིན་	བྱིན་	VERB
གྱི་	གི་	PART
། །		PUNCT
འདི་	འདི་	DET
ལ་	ལ་	PART
སུ་	སུ་	ADP
ས་	གིས་	PART
ཀྱང་	ཀྱང་	PART
གནོད་པ་	གནོད་པ་	VERB
མ་	མ་	PART
བྱེད་	བྱེད་	VERB
ཅིག་	ཅིག་	PART
།		PUNCT
སོགས་	སོགས་	DET
ཡི་དམ་	ཡི་དམ་	NOUN
གང་	གང་	NO_POS
བྱེད་	བྱེད་	VERB
ཀྱི་	གི་	PART
ཚིག་	ཚིག་	NOUN
བསྒྱུར་	བསྒྱུར་	VERB
།		PUNCT
ཞེ་	ཅེས་	PART
བསྔོ་སྨོན་	བསྔོ་སྨོན་	NO_POS
བཀྲ་ཤིས་	བཀྲ་ཤིས་	NOUN
སོགས་	སོགས་	DET
མཐ་	མཐའ་	NOUN
ར་	ལ་	PART
བརྒྱན་	བརྒྱན་	VERB
བྱ་	བྱ་	VERB
།		PUNCT
ཞེ་	ཅེས་	PART
སྤྲུལ་སྐུ་	སྤྲུལ་སྐུ་	NOUN
བསྟན་	བསྟན་	VERB
གཉིས་	གཉིས་	NUM
གླིང་པ་	གླིང་པ་	NOUN
ལ་	ལ་	PART
ཟམ་	ཟམ་	NO_POS
ལུང་	ལུང་	NOUN
ཁྱུང་	ཁྱུང་	NOUN
ཚང་	ཚང་	VERB
དུ་	ལ་	PART
གུ་རུ་	གུ་རུ་	PROPN
ས་	གིས་	PART
གདམས་པ་	གདམས་པ་	VERB
འོ་	གོ་	PART
།། །།		PUNCT
